sigma,rho,beta,delta_x0,runtime_A,runtime_B,n_points,rtol,atol
10.0,28.0,2.6666666666666665,9.999999999177334e-07,0.29384239999999995,0.29730919999999994,16001,1e-06,1e-08
